Rank,Feature,Importance
1,na,0.22980516351386784
2,th,0.1989832235029473
3,cl,0.12787571507822856
4,hco3,0.10330303930048494
5,ca,0.08713662248168977
6,mg,0.0737896132300858
7,so4,0.03880971527016176
8,f,0.03317526763080419
9,ph,0.033062414584419865
10,co3,0.02678804771588321
11,no3,0.02375652483138369
12,k,0.023514652860043013
