Rank,Feature,Importance
1,EC,0.21965761754263063
2,Na,0.17262883296069817
3,Mg,0.1470959796321576
4,Cl,0.10642071007226359
5,Ca,0.09061000813839905
6,HCO3,0.08857005880527598
7,SO4,0.06213913545707013
8,NO3,0.03968942185233663
9,K,0.029248921785978634
10,gwl,0.017540904812118046
11,season_postmonsoon 2018 ,0.016044009547997944
12,season_post monsoon 2019,0.01035439939307376
13,CO3,0.0
