,precision,recall,f1-score,support
C2S1,1.0,1.0,1.0,51.0
C3S1,0.9851851851851852,0.95,0.9672727272727273,140.0
C3S2,0.0,0.0,0.0,2.0
C3S3,0.0,0.0,0.0,1.0
C4S1,0.8181818181818182,1.0,0.9,18.0
C4S2,0.8333333333333334,0.625,0.7142857142857143,8.0
C4S4,0.5,0.5,0.5,2.0
accuracy,0.9369369369369369,0.9369369369369369,0.9369369369369369,0.9369369369369369
macro avg,0.5909571909571909,0.5821428571428572,0.5830797773654917,222.0
weighted avg,0.9518912852246185,0.9369369369369369,0.9429390429390428,222.0
