Rank,Feature,Importance
1,na,0.2246029224839449
2,th,0.2124545632359729
3,cl,0.1298795295195192
4,hco3,0.09933326413174032
5,mg,0.0753090610340373
6,ca,0.07365318151459568
7,so4,0.04697291508078978
8,f,0.032738654448841865
9,ph,0.028475368521494494
10,co3,0.02826950151206762
11,no3,0.02439575110629501
12,k,0.023915287410700935
